{"description": "", "citation": "", "homepage": "", "license": "", "features": {"id": {"dtype": "string", "_type": "Value"}, "dialogue": {"dtype": "string", "_type": "Value"}, "summary": {"dtype": "string", "_type": "Value"}, "topic": {"dtype": "string", "_type": "Value"}}, "builder_name": "csv", "config_name": "knkarthick--dialogsum", "version": {"version_str": "0.0.0", "major": 0, "minor": 0, "patch": 0}, "splits": {"train": {"name": "train", "num_bytes": 11439628, "num_examples": 12460, "dataset_name": "csv"}, "test": {"name": "test", "num_bytes": 1367451, "num_examples": 1500, "dataset_name": "csv"}, "validation": {"name": "validation", "num_bytes": 446639, "num_examples": 500, "dataset_name": "csv"}}, "download_checksums": {"https://huggingface.co/datasets/knkarthick/dialogsum/resolve/a968e7aee0602e257935f1321a02e4287f7d5848/train.csv": {"num_bytes": 11321474, "checksum": null}, "https://huggingface.co/datasets/knkarthick/dialogsum/resolve/a968e7aee0602e257935f1321a02e4287f7d5848/test.csv": {"num_bytes": 1353147, "checksum": null}, "https://huggingface.co/datasets/knkarthick/dialogsum/resolve/a968e7aee0602e257935f1321a02e4287f7d5848/validation.csv": {"num_bytes": 441935, "checksum": null}}, "download_size": 13116556, "dataset_size": 13253718, "size_in_bytes": 26370274}